Chr,Start,Stop,sgRNA_Sequence,Strand,sgRNA_Type
,,,AAACGGTACGACAGCGTGTG,,negative_control
,,,AACTAGCCCGAGCAGCTTCG,,negative_control
,,,AAGAGCGAATCGATTTCGTG,,negative_control
,,,AAGAGTAGTAGACGCCCGGG,,negative_control
,,,AAGGCGCGCGAATGTGGCAG,,negative_control
,,,AATCGACTCGAACTTCGTGT,,negative_control
,,,ACATAGTCGACGGCTCGATT,,negative_control
,,,ACCCTCCGAATCGTAACGGA,,negative_control
,,,ACGGAGGCTAAGCGTCGCAA,,negative_control
,,,ACGGGCGGCTATCGCTGACT,,negative_control
,,,ACGTCCATACTGTCGGCTAC,,negative_control
,,,ACGTCGTTTAGCACCCGGCT,,negative_control
,,,ACGTTCGAGTACGACCAGCT,,negative_control
,,,ACTGCGGAGCGCCCAATATC,,negative_control
,,,ACTTCAGTTCGGCGTAGTCA,,negative_control
,,,AGACACGTCACCGGTCAAAA,,negative_control
,,,AGCACGTAATGTCCGTGGAT,,negative_control
,,,AGCGCAGATAGCGCGTATCA,,negative_control
,,,AGCTCCATCGCCGCGATAAT,,negative_control
,,,AGCTCGCCATGTCGGTTCTC,,negative_control
,,,AGGGCACCCGGTTCATACGC,,negative_control
,,,ATAATCCGGAAACGCTCGAC,,negative_control
,,,ATAGCCGCCGCTCATTACTT,,negative_control
,,,ATCGTATCATCAGCTAGCGC,,negative_control
,,,ATCGTTTCCGCTTAACGGCG,,negative_control
,,,ATCTCGGGTCGACTGCGGAT,,negative_control
,,,ATCTGTCCTAATTCGGATCG,,negative_control
,,,CAACGGGTTCTCCCGGCTAC,,negative_control
,,,CAAGACCTTATCGTGCAGCG,,negative_control
,,,CACGAACTCACACCGCGCGA,,negative_control
,,,CACGGCCTAACTTGCTGATA,,negative_control
,,,CAGGAGTCGCCGATACGCGT,,negative_control
,,,CATTGTTGAGCGGGCGCGCT,,negative_control
,,,CCATATCGGGGCGAGACATG,,negative_control
,,,CCCGATGGACTATACCGAAC,,negative_control
,,,CCGCTATTGAAACCGCCCAC,,negative_control
,,,CCGGGAGATTAACGTTAATT,,negative_control
,,,CCGTTGGACTATGGCGGGTC,,negative_control
,,,CCTCCGTGCTAACGCGGACG,,negative_control
,,,CCTCGGGCGTAAATACTCAT,,negative_control
,,,CGAACTTAATCCCGTGGCAA,,negative_control
,,,CGACGCTAGGTAACGTAGAG,,negative_control
,,,CGAGTGTTATACGCACCGTT,,negative_control
,,,CGCAAGGTGTCGGTAACCCT,,negative_control
,,,CGCAGTACGTATAGACTTAA,,negative_control
,,,CGCCGGGACCGTTAGGGAAT,,negative_control
,,,CGCCGGGCTGACAATTAACG,,negative_control
,,,CGCCGTTCCGAGATACTTGA,,negative_control
,,,CGCCTAATTTCCGGATCAAT,,negative_control
,,,CGCGACGACTCAACCTAGTC,,negative_control
,,,CGCGGCCCACGCGTCATCGC,,negative_control
,,,CGCTAGGTCCGGTAAGTGCG,,negative_control
,,,CGCTAGTACGCTCCTCTATA,,negative_control
,,,CGCTTCCGCGGCCCGTTCAA,,negative_control
,,,CGGAGTAACAAGCGGACGGA,,negative_control
,,,CGGCTCGTTCTACGCACTGA,,negative_control
,,,CGGGACGTCGCGAAAATGTA,,negative_control
,,,CGGGCCTATAACACCATCGA,,negative_control
,,,CGGTAGTATTAATCGCTGAC,,negative_control
,,,CGTATTCGACTCTCAACGCG,,negative_control
,,,CGTCGAGTGCTCGAACTCCA,,negative_control
,,,CGTCGCCATATGCCGGTGGC,,negative_control
,,,CGTGGCCGGAACCGTCATAG,,negative_control
,,,CTAGCCGCCCAGATCGAGCC,,negative_control
,,,CTATCTCGAGTGGTAATGCG,,negative_control
,,,CTCAACCGACCGTATGGTCA,,negative_control
,,,CTCGACAGTTCGTCCCGAGC,,negative_control
,,,CTTACAATCGTCGGTCCAAT,,negative_control
,,,CTTCGACGCCATCGTGCTCA,,negative_control
,,,CTTGTTGCGTATACGAGACT,,negative_control
,,,GAACGCCGCTCAAGTTGATA,,negative_control
,,,GAATCGACCGACACTAATGT,,negative_control
,,,GATGGCGCTTCAGTCGTCGG,,negative_control
,,,GCAAACCCGAGTGACACGTC,,negative_control
,,,GCCGTGTTGCTGGATACGCC,,negative_control
,,,GCGAACCCCGTAGCCAGGCT,,negative_control
,,,GCGTGCGTCCCGGGTTACCC,,negative_control
,,,GGAGTGGTCCCGTACGCAAC,,negative_control
,,,GGGCCCGCATAGGATATCGC,,negative_control
,,,GGTCACCGATCGAGAGCTAG,,negative_control
,,,GGTTAGAGACTAGGCGCGCG,,negative_control
,,,GTACCATACCGCGTACCCTT,,negative_control
,,,GTACCATTGCCGGCTCCCTA,,negative_control
,,,GTACCCCTATGGCCGTTCTA,,negative_control
,,,GTACGGGGCGATCATCCACA,,negative_control
,,,GTAGACGTCGTGAGCTTCAC,,negative_control
,,,GTAGGCGCGCCGCTCTCTAC,,negative_control
,,,GTCGTCCGGGATTACAAAAT,,negative_control
,,,GTGCGATGTCGCTTCAACGT,,negative_control
,,,GTGTCGGATTCCGCCGCTTA,,negative_control
,,,GTTCGCTTCGTAACGAGGAA,,negative_control
,,,TAAGATCCGCGGGTGGCAAC,,negative_control
,,,TAATGCTGCACACGCCGAAT,,negative_control
,,,TACCCACGCGTATTCCATCT,,negative_control
,,,TACCCTCCGGATACGGACTG,,negative_control
,,,TACGCTTGCGTTTAGCGTCC,,negative_control
,,,TACTAACGCCGCTCCTACAG,,negative_control
,,,TAGACAACCGCGGAGAATGC,,negative_control
,,,TATCGCTTCCGATTAGTCCG,,negative_control
,,,TCCAGCGCGAGCTTACTCGT,,negative_control
,,,TCCTGGATACCGCGTGGTTA,,negative_control
,,,TCGATCGAGGTTGCATTCGG,,negative_control
,,,TCGCAGCGGCGTGGGATCGG,,negative_control
,,,TCGCGCTTGGGTTATACGCT,,negative_control
,,,TCGCGGACATAGGGCTCTAA,,negative_control
,,,TCGGCATACGGGACACACGC,,negative_control
,,,TCTGGCTTGACACGACCGTT,,negative_control
,,,TGAACGCGTGTTTCCTTGCA,,negative_control
,,,TGAGGATCATGTCGAGCGCC,,negative_control
,,,TGCGGCGTAATGCTTGAAAG,,negative_control
,,,TGGTTCCGTAGGTCGGTATA,,negative_control
,,,TTATCGCGTAGTGCTGACGT,,negative_control
,,,TTCACGTCGTCTCGCGACCA,,negative_control
,,,TTCGCACGATTGCACCTTGG,,negative_control
,,,TTTACGATCTAGCGGCGTAG,,negative_control
,,,TTTCAGGCTACGGGCGCGGG,,negative_control
chr2,60717499,60717519,AGCTCTGGAATGATGGCTTA,-,observation
chr2,60717506,60717526,ATTGTGGAGCTCTGGAATGA,-,observation
chr2,60717514,60717534,GGAGTTGGATTGTGGAGCTC,-,observation
chr2,60717522,60717542,AGAAAATTGGAGTTGGATTG,-,observation
chr2,60717529,60717549,CTGGAATAGAAAATTGGAGT,-,observation
chr2,60717535,60717555,CTAAGACTGGAATAGAAAAT,-,observation
chr2,60717548,60717568,TGGGTACGGGGAACTAAGAC,-,observation
chr2,60717551,60717571,TTAGTTCCCCGTACCCATCA,+,observation
chr2,60717601,60717621,GGAAGGAAATGAGAACGGAA,-,observation
chr2,60717601,60717621,TTCCGTTCTCATTTCCTTCC,+,observation
chr2,60717602,60717622,AGGAAGGAAATGAGAACGGA,-,observation
chr2,60717606,60717626,AGCCAGGAAGGAAATGAGAA,-,observation
chr2,60717618,60717638,AAGAAGAAGAAAAGCCAGGA,-,observation
chr2,60717622,60717642,AGAGAAGAAGAAGAAAAGCC,-,observation
chr2,60717629,60717649,CTTCTTCTTCTCTTACCTCC,+,observation
chr2,60717647,60717667,AGTATGAGCAGGATTCCAGG,-,observation
chr2,60717650,60717670,GGAATCCTGCTCATACTTCA,+,observation
chr2,60717650,60717670,TGAAGTATGAGCAGGATTCC,-,observation
chr2,60717658,60717678,TGAGGCCTTGAAGTATGAGC,-,observation
chr2,60717662,60717682,ATACTTCAAGGCCTCAATGA,+,observation
chr2,60717676,60717696,GACTAGGTAGACCTTCATTG,-,observation
chr2,60717692,60717712,TTCTTCTTGCTAAGGTGACT,-,observation
chr2,60717700,60717720,GAGATTGATTCTTCTTGCTA,-,observation
chr2,60717725,60717745,GTGTTCTATGAGGTTGGAGA,-,observation
chr2,60717731,60717751,GGATGAGTGTTCTATGAGGT,-,observation
chr2,60717735,60717755,CATGGGATGAGTGTTCTATG,-,observation
chr2,60717752,60717772,TGAGTCAGGGAGTGGTGCAT,-,observation
chr2,60717753,60717773,ATGAGTCAGGGAGTGGTGCA,-,observation
chr2,60717757,60717777,CCACTCCCTGACTCATATCT,+,observation
chr2,60717760,60717780,CCTAGATATGAGTCAGGGAG,-,observation
chr2,60717765,60717785,TAAGGCCTAGATATGAGTCA,-,observation
chr2,60717766,60717786,GTAAGGCCTAGATATGAGTC,-,observation
chr2,60717771,60717791,ATATCTAGGCCTTACATTGC,+,observation
chr2,60717783,60717803,GAGGGTTAACCAGCAATGTA,-,observation
chr2,60717801,60717821,AAATTAATTAGAGGCATAGA,-,observation
chr2,60717802,60717822,GAAATTAATTAGAGGCATAG,-,observation
chr2,60717810,60717830,GAACACATGAAATTAATTAG,-,observation
chr2,60717830,60717850,CCAATGAGTTTCTTCAATAC,+,observation
chr2,60717831,60717851,CAATGAGTTTCTTCAATACA,+,observation
chr2,60717832,60717852,CTGTATTGAAGAAACTCATT,-,observation
chr2,60717833,60717853,CCTGTATTGAAGAAACTCAT,-,observation
chr2,60717866,60717886,CAAATATAATAGAAGCAAGT,-,observation
chr2,60717895,60717915,TATCATGTCACATGCTGTGC,-,observation
chr2,60717907,60717927,ACATGATATTCATATATTCT,+,observation
chr2,60717953,60717973,GACTGATTTACCTTCCTAAA,+,observation
chr2,60717954,60717974,ACTGATTTACCTTCCTAAAA,+,observation
chr2,60717991,60718011,AATATCATTTCTGTTCAAAA,+,observation
chr2,60718026,60718046,ACTGTTTGTGGGTGCTAAGA,-,observation
chr2,60718037,60718057,ATCAGAAGGGAACTGTTTGT,-,observation
chr2,60718038,60718058,TATCAGAAGGGAACTGTTTG,-,observation
chr2,60718050,60718070,AGTTCAAGTAGATATCAGAA,-,observation
chr2,60718051,60718071,AAGTTCAAGTAGATATCAGA,-,observation
chr2,60718139,60718159,GGGTGGCTGTTTAAAGAGGG,-,observation
chr2,60718142,60718162,GTGGGGTGGCTGTTTAAAGA,-,observation
chr2,60718143,60718163,TGTGGGGTGGCTGTTTAAAG,-,observation
chr2,60718146,60718166,TAAACAGCCACCCCACACCC,+,observation
chr2,60718156,60718176,CTCTTCTCCAGGGTGTGGGG,-,observation
chr2,60718159,60718179,TTGCTCTTCTCCAGGGTGTG,-,observation
chr2,60718160,60718180,TTTGCTCTTCTCCAGGGTGT,-,observation
chr2,60718161,60718181,ATTTGCTCTTCTCCAGGGTG,-,observation
chr2,60718166,60718186,TTCACATTTGCTCTTCTCCA,-,observation
chr2,60718167,60718187,CTTCACATTTGCTCTTCTCC,-,observation
chr2,60718193,60718213,TGCCAACCAGACTGTGCGCC,+,observation
chr2,60718197,60718217,AACCAGACTGTGCGCCAGGT,+,observation
chr2,60718198,60718218,AACCTGGCGCACAGTCTGGT,-,observation
chr2,60718202,60718222,TACCAACCTGGCGCACAGTC,-,observation
chr2,60718214,60718234,TCTGTCAGACTTTACCAACC,-,observation
chr2,60718260,60718280,ATATGTGAAGCCCAACTACG,+,observation
chr2,60718273,60718293,AGTTGCACAACCACGTAGTT,-,observation
chr2,60718274,60718294,GAGTTGCACAACCACGTAGT,-,observation
chr2,60718293,60718313,CTATAGCTGACTTTCAACCA,+,observation
chr2,60718313,60718333,AACTTCTTTGCAGATGACCA,-,observation
chr2,60718344,60718364,TTGCATTGAGGATGCGCAGG,-,observation
chr2,60718401,60718421,TAAATGCAGCACTACTAAAA,+,observation
chr2,60718428,60718448,TGCCCTCTGGCATCAAAATG,-,observation
chr2,60718435,60718455,ATGCCAGAGGGCAGCAAACA,+,observation
chr2,60718441,60718461,TGTCCATGTTTGCTGCCCTC,-,observation
chr2,60718445,60718465,GCAGCAAACATGGACACTTT,+,observation
chr2,60718471,60718491,CTGTACTTAATAGCTGAAGG,-,observation
chr2,60718472,60718492,ACTGTACTTAATAGCTGAAG,-,observation
chr2,60718473,60718493,TACTGTACTTAATAGCTGAA,-,observation
chr2,60718474,60718494,TTACTGTACTTAATAGCTGA,-,observation
chr2,60718475,60718495,CAGCTATTAAGTACAGTAAA,+,observation
chr2,60718505,60718525,GAGCATTTCAAATGATAGTT,-,observation
chr2,60718506,60718526,ACTATCATTTGAAATGCTCC,+,observation
chr2,60718511,60718531,CATTTGAAATGCTCCCGGCC,+,observation
chr2,60718519,60718539,ATGCTCCCGGCCAGGCGCTG,+,observation
chr2,60718527,60718547,GTGAGCCACAGCGCCTGGCC,-,observation
chr2,60718528,60718548,TGTGAGCCACAGCGCCTGGC,-,observation
chr2,60718555,60718575,TCCCAGCACTTTGGGAGGCC,+,observation
chr2,60718597,60718617,TCAGGAGTTCAAGATCAGTT,+,observation
chr2,60718666,60718686,CAGGCATGTATTACCATGCC,-,observation
chr2,60718711,60718731,GGCAGGAGATCGCTTGAACC,+,observation
chr2,60718732,60718752,CACTGCATCTTCTGCCTCCC,-,observation
chr2,60718761,60718781,CGCGCCATTGCATTCCAGCC,+,observation
chr2,60718778,60718798,TTTACTCTTGTTGCCCGGGC,-,observation
chr2,60718783,60718803,GGAGATTTACTCTTGTTGCC,-,observation
chr2,60721417,60721437,TTTGGCTTCTCATCTGTGCA,+,observation
chr2,60721429,60721449,TCTGTGCATGGCCTCTAAAC,+,observation
chr2,60721430,60721450,CTGTGCATGGCCTCTAAACT,+,observation
chr2,60721442,60721462,TCTAAACTGGGCAGTGACCA,+,observation
chr2,60721443,60721463,ATGGTCACTGCCCAGTTTAG,-,observation
chr2,60721447,60721467,ACTGGGCAGTGACCATGGCC,+,observation
chr2,60721462,60721482,GTGGGGAGGTGACCAGGCCA,-,observation
chr2,60721464,60721484,GCCTGGTCACCTCCCCACTC,+,observation
chr2,60721468,60721488,TCCAGAGTGGGGAGGTGACC,-,observation
chr2,60721470,60721490,TCACCTCCCCACTCTGGACC,+,observation
chr2,60721471,60721491,CACCTCCCCACTCTGGACCT,+,observation
chr2,60721476,60721496,AACCCAGGTCCAGAGTGGGG,-,observation
chr2,60721479,60721499,GGCAACCCAGGTCCAGAGTG,-,observation
chr2,60721480,60721500,GGGCAACCCAGGTCCAGAGT,-,observation
chr2,60721481,60721501,GGGGCAACCCAGGTCCAGAG,-,observation
chr2,60721491,60721511,GGGTTGCCCCTCTGTAAACA,+,observation
chr2,60721491,60721511,TGTTTACAGAGGGGCAACCC,-,observation
chr2,60721494,60721514,TTGCCCCTCTGTAAACAAGG,+,observation
chr2,60721500,60721520,CAACCTCCTTGTTTACAGAG,-,observation
chr2,60721501,60721521,ACAACCTCCTTGTTTACAGA,-,observation
chr2,60721502,60721522,TACAACCTCCTTGTTTACAG,-,observation
chr2,60721536,60721556,TTTATAAGACATTAGGGTAT,-,observation
chr2,60721542,60721562,ATAAGATTTATAAGACATTA,-,observation
chr2,60721543,60721563,CATAAGATTTATAAGACATT,-,observation
chr2,60721568,60721588,TTTGCCAAGATGGGAGTATG,+,observation
chr2,60721575,60721595,CTCTCCCCATACTCCCATCT,-,observation
chr2,60721580,60721600,GGAGTATGGGGAGAGAAGAG,+,observation
chr2,60721586,60721606,TGGGGAGAGAAGAGTGGAAA,+,observation
chr2,60721612,60721632,ATCTCATCTCACTGAGCTCT,-,observation
chr2,60721613,60721633,TATCTCATCTCACTGAGCTC,-,observation
chr2,60721617,60721637,TCAGTGAGATGAGATATCAA,+,observation
chr2,60721618,60721638,CAGTGAGATGAGATATCAAA,+,observation
chr2,60721619,60721639,AGTGAGATGAGATATCAAAG,+,observation
chr2,60721658,60721678,CCATCTCCCTAATCTCCAAT,+,observation
chr2,60721661,60721681,CCAATTGGAGATTAGGGAGA,-,observation
chr2,60721667,60721687,GCTTTGCCAATTGGAGATTA,-,observation
chr2,60721668,60721688,GGCTTTGCCAATTGGAGATT,-,observation
chr2,60721673,60721693,CCAATTGGCAAAGCCAGACT,+,observation
chr2,60721674,60721694,CAATTGGCAAAGCCAGACTT,+,observation
chr2,60721675,60721695,AATTGGCAAAGCCAGACTTG,+,observation
chr2,60721676,60721696,CCAAGTCTGGCTTTGCCAAT,-,observation
chr2,60721688,60721708,AGACTTGGGGCAATACAGAC,+,observation
chr2,60721689,60721709,AGTCTGTATTGCCCCAAGTC,-,observation
chr2,60721734,60721754,TAAATCATTAGGAATGAGCT,-,observation
chr2,60721745,60721765,ACATTTGGTGATAAATCATT,-,observation
chr2,60721757,60721777,CCAAATGTTCTTTCTTCAGC,+,observation
chr2,60721760,60721780,CCAGCTGAAGAAAGAACATT,-,observation
chr2,60721771,60721791,TTCAGCTGGAATTTAAAATA,+,observation
chr2,60721789,60721809,TATGGACTCATCCGTAAAAT,+,observation
chr2,60721815,60721835,AATAATAGTATATGCTTCAT,+,observation
chr2,60721816,60721836,ATAATAGTATATGCTTCATA,+,observation
chr2,60721880,60721900,CGGAGCACTTACTCTGCTCT,-,observation
chr2,60721906,60721926,TGAACTAAAATGCTGCCTCC,+,observation
chr2,60721924,60721944,TGTAACTAATAAATACCAGG,-,observation
chr2,60721927,60721947,AGGTGTAACTAATAAATACC,-,observation
chr2,60721946,60721966,TCAGCAGAAACAAAGTTATC,+,observation
chr2,60721947,60721967,TGATAACTTTGTTTCTGCTG,-,observation
chr2,60721970,60721990,CCTTTCCCCAATTCCTAGTT,+,observation
chr2,60721971,60721991,CTTTCCCCAATTCCTAGTTT,+,observation
chr2,60721972,60721992,CAAACTAGGAATTGGGGAAA,-,observation
chr2,60721973,60721993,CCAAACTAGGAATTGGGGAA,-,observation
chr2,60721978,60721998,CTGACCCAAACTAGGAATTG,-,observation
chr2,60721979,60721999,TCTGACCCAAACTAGGAATT,-,observation
chr2,60721980,60722000,TTCTGACCCAAACTAGGAAT,-,observation
chr2,60721984,60722004,CTAGTTTGGGTCAGAAGAAA,+,observation
chr2,60721985,60722005,TAGTTTGGGTCAGAAGAAAA,+,observation
chr2,60721991,60722011,GGGTCAGAAGAAAAGGGAAA,+,observation
chr2,60721992,60722012,GGTCAGAAGAAAAGGGAAAA,+,observation
chr2,60721997,60722017,GAAGAAAAGGGAAAAGGGAG,+,observation
chr2,60722004,60722024,AGGGAAAAGGGAGAGGAAAA,+,observation
chr2,60722023,60722043,AAGGAAAAGAATATGATGTC,+,observation
chr2,60722024,60722044,AGGAAAAGAATATGATGTCA,+,observation
chr2,60722025,60722045,GGAAAAGAATATGATGTCAG,+,observation
chr2,60722026,60722046,GAAAAGAATATGATGTCAGG,+,observation
chr2,60722029,60722049,AAGAATATGATGTCAGGGGG,+,observation
chr2,60722041,60722061,TCAGGGGGAGGCAAGTCAGT,+,observation
chr2,60722042,60722062,CAGGGGGAGGCAAGTCAGTT,+,observation
chr2,60722068,60722088,ACAGATCCTAACACAGTAGC,+,observation
chr2,60722077,60722097,CAGGTACCAGCTACTGTGTT,-,observation
chr2,60722079,60722099,CACAGTAGCTGGTACCTGAT,+,observation
chr2,60722095,60722115,TGATAGGTGCCTATATGTGA,+,observation
chr2,60722096,60722116,ATCACATATAGGCACCTATC,-,observation
chr2,60722099,60722119,AGGTGCCTATATGTGATGGA,+,observation
chr2,60722100,60722120,GGTGCCTATATGTGATGGAT,+,observation
chr2,60722103,60722123,GCCTATATGTGATGGATGGG,+,observation
chr2,60722107,60722127,TCCACCCATCCATCACATAT,-,observation
chr2,60722126,60722146,ACAGCCCGACAGATGAAAAA,+,observation
chr2,60722138,60722158,ATGAAAAATGGACAATTATG,+,observation
chr2,60722141,60722161,AAAAATGGACAATTATGAGG,+,observation
chr2,60722142,60722162,AAAATGGACAATTATGAGGA,+,observation
chr2,60722143,60722163,AAATGGACAATTATGAGGAG,+,observation
chr2,60722157,60722177,GAGGAGGGGAGAGTGCAGAC,+,observation
chr2,60722158,60722178,AGGAGGGGAGAGTGCAGACA,+,observation
chr2,60722159,60722179,GGAGGGGAGAGTGCAGACAG,+,observation
chr2,60722185,60722205,CTTCACCTCCTTTACAATTT,+,observation
chr2,60722193,60722213,GACTCCCAAAATTGTAAAGG,-,observation
chr2,60722196,60722216,GTGGACTCCCAAAATTGTAA,-,observation
chr2,60722215,60722235,AATTTGTATGCCATGCCGTG,-,observation
chr2,60722264,60722284,CTCTCTTGGTGATGGAGAAT,-,observation
chr2,60722272,60722292,TCGGAAGGCTCTCTTGGTGA,-,observation
chr2,60722275,60722295,CCAAGAGAGCCTTCCGAAAG,+,observation
chr2,60722278,60722298,CCTCTTTCGGAAGGCTCTCT,-,observation
chr2,60722284,60722304,CCTTCCGAAAGAGGCCCCCC,+,observation
chr2,60722285,60722305,CTTCCGAAAGAGGCCCCCCT,+,observation
chr2,60722287,60722307,CCAGGGGGGCCTCTTTCGGA,-,observation
chr2,60722291,60722311,TTGCCCAGGGGGGCCTCTTT,-,observation
chr2,60722292,60722312,AAGAGGCCCCCCTGGGCAAA,+,observation
chr2,60722301,60722321,CGGTGGCCGTTTGCCCAGGG,-,observation
chr2,60722302,60722322,CCTGGGCAAACGGCCACCGA,+,observation
chr2,60722302,60722322,TCGGTGGCCGTTTGCCCAGG,-,observation
chr2,60722303,60722323,ATCGGTGGCCGTTTGCCCAG,-,observation
chr2,60722304,60722324,CATCGGTGGCCGTTTGCCCA,-,observation
chr2,60722305,60722325,CCATCGGTGGCCGTTTGCCC,-,observation
chr2,60722307,60722327,GCAAACGGCCACCGATGGAG,+,observation
chr2,60722321,60722341,GGACTGGCAGACCTCTCCAT,-,observation
chr2,60722337,60722357,TGGGTGGGGTAGAAGAGGAC,-,observation
chr2,60722342,60722362,GGGCGTGGGTGGGGTAGAAG,-,observation
chr2,60722351,60722371,TTAGGGTGGGGGCGTGGGTG,-,observation
chr2,60722352,60722372,ATTAGGGTGGGGGCGTGGGT,-,observation
chr2,60722353,60722373,GATTAGGGTGGGGGCGTGGG,-,observation
chr2,60722355,60722375,CACGCCCCCACCCTAATCAG,+,observation
chr2,60722356,60722376,TCTGATTAGGGTGGGGGCGT,-,observation
chr2,60722357,60722377,CTCTGATTAGGGTGGGGGCG,-,observation
chr2,60722362,60722382,TTGGCCTCTGATTAGGGTGG,-,observation
chr2,60722363,60722383,TTTGGCCTCTGATTAGGGTG,-,observation
chr2,60722364,60722384,GTTTGGCCTCTGATTAGGGT,-,observation
chr2,60722365,60722385,GGTTTGGCCTCTGATTAGGG,-,observation
chr2,60722368,60722388,AAGGGTTTGGCCTCTGATTA,-,observation
chr2,60722369,60722389,GAAGGGTTTGGCCTCTGATT,-,observation
chr2,60722370,60722390,ATCAGAGGCCAAACCCTTCC,+,observation
chr2,60722381,60722401,CACAGGCTCCAGGAAGGGTT,-,observation
chr2,60722386,60722406,TTTATCACAGGCTCCAGGAA,-,observation
chr2,60722433,60722453,CTTCAAAGTTGTATTGACCC,+,observation
chr2,60722453,60722473,CTCTTAGACATAACACACCA,-,observation
chr2,60722454,60722474,ACTCTTAGACATAACACACC,-,observation
chr2,60722482,60722502,CATAGGCCAGAAAAGAGATA,-,observation
chr2,60722494,60722514,GGCCTATGTTATTACCTGTA,+,observation
chr2,60722499,60722519,GTCCATACAGGTAATAACAT,-,observation
chr2,60722506,60722526,TACCTGTATGGACTTTGCAC,+,observation
chr2,60722511,60722531,TTCCAGTGCAAAGTCCATAC,-,observation
chr2,60722540,60722560,TGCTCTTACTTATGCACACC,+,observation
chr2,60722541,60722561,GCTCTTACTTATGCACACCT,+,observation
chr2,60722542,60722562,CTCTTACTTATGCACACCTG,+,observation
chr2,60722561,60722581,CAGGGCTGGCTCTATGCCCC,-,observation
chr2,60722575,60722595,GCTGAAAAGCGATACAGGGC,-,observation
chr2,60722579,60722599,GATGGCTGAAAAGCGATACA,-,observation
chr2,60722580,60722600,AGATGGCTGAAAAGCGATAC,-,observation
chr2,60722597,60722617,GGGAGTTATCTGTAGTGAGA,-,observation
chr2,60722617,60722637,AAGGCAGCTAGACAGGACTT,-,observation
chr2,60722618,60722638,GAAGGCAGCTAGACAGGACT,-,observation
chr2,60722624,60722644,GATAAGGAAGGCAGCTAGAC,-,observation
chr2,60722626,60722646,CTAGCTGCCTTCCTTATCAC,+,observation
chr2,60722636,60722656,TGCTATTCCTGTGATAAGGA,-,observation
chr2,60722640,60722660,TATCACAGGAATAGCACCCA,+,observation
chr2,60722640,60722660,TGGGTGCTATTCCTGTGATA,-,observation
chr2,60724809,60724829,TAAAGGATGTTAAATTGCTC,-,observation
chr2,60724826,60724846,AGGCCTTCCAAAAAAAGTAA,-,observation
chr2,60724846,60724866,GAGTAGGAGGCTGGACCTGA,-,observation
chr2,60724855,60724875,GAAAGAGAAGAGTAGGAGGC,-,observation
chr2,60724859,60724879,CAGAGAAAGAGAAGAGTAGG,-,observation
chr2,60724862,60724882,GTTCAGAGAAAGAGAAGAGT,-,observation
chr2,60724876,60724896,CTGAACTATCACCTTACTAT,+,observation
chr2,60724890,60724910,GGAAATATGTGCCTATAGTA,-,observation
chr2,60724895,60724915,TAGGCACATATTTCCCCCAA,+,observation
chr2,60724904,60724924,ATTTCCCCCAAAGGACTCAG,+,observation
chr2,60724911,60724931,GAGGCCACTGAGTCCTTTGG,-,observation
chr2,60724912,60724932,AGAGGCCACTGAGTCCTTTG,-,observation
chr2,60724913,60724933,AAGAGGCCACTGAGTCCTTT,-,observation
chr2,60724914,60724934,AAAGAGGCCACTGAGTCCTT,-,observation
chr2,60724930,60724950,AGGGAGAAATGAGACAAAAG,-,observation
chr2,60724949,60724969,TCTACTGGATCATCAGCAAA,-,observation
chr2,60724950,60724970,CTCTACTGGATCATCAGCAA,-,observation
chr2,60724961,60724981,CCAGTAGAGAAATGATCAAA,+,observation
chr2,60724989,60725009,TTTCATTTAGGACAATGTGC,-,observation
chr2,60725001,60725021,GAGGAAGCTTGGTTTCATTT,-,observation
chr2,60725004,60725024,TGAAACCAAGCTTCCTCTGC,+,observation
chr2,60725008,60725028,ACCAAGCTTCCTCTGCAGGA,+,observation
chr2,60725012,60725032,TCCATCCTGCAGAGGAAGCT,-,observation
chr2,60725020,60725040,CTGCAGGATGGAAGTGAGCC,+,observation
chr2,60725020,60725040,GGCTCACTTCCATCCTGCAG,-,observation
chr2,60725030,60725050,GAAGTGAGCCAGGTGATAGA,+,observation
chr2,60725031,60725051,AAGTGAGCCAGGTGATAGAA,+,observation
chr2,60725032,60725052,AGTGAGCCAGGTGATAGAAG,+,observation
chr2,60725033,60725053,GTGAGCCAGGTGATAGAAGG,+,observation
chr2,60725040,60725060,AGGTGATAGAAGGGGGAGCC,+,observation
chr2,60725041,60725061,AGGCTCCCCCTTCTATCACC,-,observation
chr2,60725057,60725077,GCCTGGACCCACCGCTTCAT,+,observation
chr2,60725061,60725081,GCCAATGAAGCGGTGGGTCC,-,observation
chr2,60725063,60725083,ACCCACCGCTTCATTGGCCG,+,observation
chr2,60725067,60725087,TCCTCGGCCAATGAAGCGGT,-,observation
chr2,60725068,60725088,ATCCTCGGCCAATGAAGCGG,-,observation
chr2,60725071,60725091,GTCATCCTCGGCCAATGAAG,-,observation
chr2,60725078,60725098,GGCCGAGGATGACCCCATAA,+,observation
chr2,60725083,60725103,AGGATGACCCCATAAAGGTC,+,observation
chr2,60725083,60725103,GACCTTTATGGGGTCATCCT,-,observation
chr2,60725084,60725104,GGATGACCCCATAAAGGTCA,+,observation
chr2,60725093,60725113,GCAACACCCTGACCTTTATG,-,observation
chr2,60725094,60725114,TGCAACACCCTGACCTTTAT,-,observation
chr2,60725095,60725115,CTGCAACACCCTGACCTTTA,-,observation
chr2,60725119,60725139,TGCTATGCACAAAATCCAAG,+,observation
chr2,60725126,60725146,CACAAAATCCAAGAGGCCCA,+,observation
chr2,60725129,60725149,AAAATCCAAGAGGCCCATGG,+,observation
chr2,60725132,60725152,ATCCAAGAGGCCCATGGAGG,+,observation
chr2,60725133,60725153,TCCAAGAGGCCCATGGAGGT,+,observation
chr2,60725134,60725154,CCAAGAGGCCCATGGAGGTG,+,observation
chr2,60725137,60725157,CCCCACCTCCATGGGCCTCT,-,observation
chr2,60725142,60725162,CCCATGGAGGTGGGGAGATG,+,observation
chr2,60725143,60725163,CCATGGAGGTGGGGAGATGA,+,observation
chr2,60725145,60725165,CCTCATCTCCCCACCTCCAT,-,observation
chr2,60725146,60725166,CCCTCATCTCCCCACCTCCA,-,observation
chr2,60725153,60725173,GGGGAGATGAGGGACCCACC,+,observation
chr2,60725170,60725190,CTCTTGAGGGTCTGCCAGGT,-,observation
chr2,60725171,60725191,CCTGGCAGACCCTCAAGAGC,+,observation
chr2,60725171,60725191,GCTCTTGAGGGTCTGCCAGG,-,observation
chr2,60725172,60725192,CTGGCAGACCCTCAAGAGCA,+,observation
chr2,60725173,60725193,TGGCAGACCCTCAAGAGCAG,+,observation
chr2,60725174,60725194,CCTGCTCTTGAGGGTCTGCC,-,observation
chr2,60725183,60725203,GAGAAGACCCCTGCTCTTGA,-,observation
chr2,60725184,60725204,AGAGAAGACCCCTGCTCTTG,-,observation
chr2,60725185,60725205,AAGAGCAGGGGTCTTCTCTT,+,observation
chr2,60725186,60725206,AGAGCAGGGGTCTTCTCTTT,+,observation
chr2,60725187,60725207,GAGCAGGGGTCTTCTCTTTG,+,observation
chr2,60725188,60725208,AGCAGGGGTCTTCTCTTTGG,+,observation
chr2,60725191,60725211,AGGGGTCTTCTCTTTGGGGG,+,observation
chr2,60725208,60725228,GGGAGGACATCACTCTTAGC,+,observation
chr2,60725209,60725229,GGAGGACATCACTCTTAGCA,+,observation
chr2,60725213,60725233,GACATCACTCTTAGCAGGGC,+,observation
chr2,60725214,60725234,ACATCACTCTTAGCAGGGCT,+,observation
chr2,60725215,60725235,CATCACTCTTAGCAGGGCTG,+,observation
chr2,60725231,60725251,GCTGGGGTGAGTCAAAAGTC,+,observation
chr2,60725232,60725252,CTGGGGTGAGTCAAAAGTCT,+,observation
chr2,60725239,60725259,GAGTCAAAAGTCTGGGAGAA,+,observation
chr2,60725242,60725262,TCAAAAGTCTGGGAGAATGG,+,observation
chr2,60725247,60725267,AGTCTGGGAGAATGGAGGTG,+,observation
chr2,60725250,60725270,CTGGGAGAATGGAGGTGTGG,+,observation
chr2,60725251,60725271,TGGGAGAATGGAGGTGTGGA,+,observation
chr2,60725252,60725272,GGGAGAATGGAGGTGTGGAG,+,observation
chr2,60725260,60725280,GGAGGTGTGGAGGGGATAAC,+,observation
chr2,60725261,60725281,GAGGTGTGGAGGGGATAACT,+,observation
chr2,60725277,60725297,AACTGGGTCAGACCCCAAGC,+,observation
chr2,60725281,60725301,GGGTCAGACCCCAAGCAGGA,+,observation
chr2,60725282,60725302,GGTCAGACCCCAAGCAGGAA,+,observation
chr2,60725292,60725312,ATAGAGGCCCTTCCTGCTTG,-,observation
chr2,60725293,60725313,CATAGAGGCCCTTCCTGCTT,-,observation
chr2,60725294,60725314,ACATAGAGGCCCTTCCTGCT,-,observation
chr2,60725297,60725317,AGGAAGGGCCTCTATGTAGA,+,observation
chr2,60725298,60725318,GGAAGGGCCTCTATGTAGAC,+,observation
chr2,60725305,60725325,CCTCTATGTAGACGGGTGTG,+,observation
chr2,60725308,60725328,CCACACACCCGTCTACATAG,-,observation
chr2,60725315,60725335,GACGGGTGTGTGGCTCCTTA,+,observation
chr2,60725332,60725352,TTAAGGTGACCCAGCAGCCC,+,observation
chr2,60725333,60725353,AGGGCTGCTGGGTCACCTTA,-,observation
chr2,60725333,60725353,TAAGGTGACCCAGCAGCCCT,+,observation
chr2,60725344,60725364,AGCAGCCCTGGGCACAGAAG,+,observation
chr2,60725344,60725364,CTTCTGTGCCCAGGGCTGCT,-,observation
chr2,60725345,60725365,ACTTCTGTGCCCAGGGCTGC,-,observation
chr2,60725351,60725371,CTGGGCACAGAAGTGGTGCG,+,observation
chr2,60725352,60725372,ACGCACCACTTCTGTGCCCA,-,observation
chr2,60725353,60725373,CACGCACCACTTCTGTGCCC,-,observation
chr2,60725380,60725400,TGCCAACAGTGATAACCAGC,+,observation
chr2,60725381,60725401,GCCAACAGTGATAACCAGCA,+,observation
chr2,60725385,60725405,GCCCTGCTGGTTATCACTGT,-,observation
chr2,60725395,60725415,CCAGCAGGGCCTGTCAGAAG,+,observation
chr2,60725398,60725418,CCTCTTCTGACAGGCCCTGC,-,observation
chr2,60725401,60725421,GGGCCTGTCAGAAGAGGCCC,+,observation
chr2,60725407,60725427,TGTCCAGGGCCTCTTCTGAC,-,observation
chr2,60725411,60725431,GAAGAGGCCCTGGACACTGA,+,observation
chr2,60725415,60725435,AGGCCCTGGACACTGAAGGC,+,observation
chr2,60725416,60725436,GGCCCTGGACACTGAAGGCT,+,observation
chr2,60725421,60725441,TGCCCAGCCTTCAGTGTCCA,-,observation
chr2,60725422,60725442,GTGCCCAGCCTTCAGTGTCC,-,observation
chr2,60725427,60725447,CTGAAGGCTGGGCACAGCCT,+,observation
chr2,60725441,60725461,CAGCCTTGGCGACCGCTCAC,+,observation
chr2,60725447,60725467,TGTCCTGTGAGCGGTCGCCA,-,observation
chr2,60725456,60725476,ACTGCTGCATGTCCTGTGAG,-,observation
chr2,60725484,60725504,GGGTCGCGGTAGGGAGTTGT,-,observation
chr2,60725493,60725513,CACTGATAGGGGTCGCGGTA,-,observation
chr2,60725494,60725514,GCACTGATAGGGGTCGCGGT,-,observation
chr2,60725498,60725518,GTCGGCACTGATAGGGGTCG,-,observation
chr2,60725504,60725524,TGCTTGGTCGGCACTGATAG,-,observation
chr2,60725505,60725525,GTGCTTGGTCGGCACTGATA,-,observation
chr2,60725506,60725526,TGTGCTTGGTCGGCACTGAT,-,observation
chr2,60725516,60725536,GTGCATCTTGTGTGCTTGGT,-,observation
chr2,60725520,60725540,AGCACACAAGATGCACACCC,+,observation
chr2,60725520,60725540,GGGTGTGCATCTTGTGTGCT,-,observation
chr2,60725524,60725544,CACAAGATGCACACCCAGGC,+,observation
chr2,60725525,60725545,ACAAGATGCACACCCAGGCT,+,observation
chr2,60725529,60725549,GATGCACACCCAGGCTGGGC,+,observation
chr2,60725536,60725556,ACCCAGGCTGGGCTGGACAG,+,observation
chr2,60725537,60725557,CCCAGGCTGGGCTGGACAGA,+,observation
chr2,60725538,60725558,CCAGGCTGGGCTGGACAGAG,+,observation
chr2,60725540,60725560,CCCTCTGTCCAGCCCAGCCT,-,observation
chr2,60725541,60725561,CCCCTCTGTCCAGCCCAGCC,-,observation
chr2,60725555,60725575,GAGGGGTCCCACAAGATCAC,+,observation
chr2,60725556,60725576,AGGGGTCCCACAAGATCACA,+,observation
chr2,60725565,60725585,GGCACACCCTGTGATCTTGT,-,observation
chr2,60725566,60725586,GGGCACACCCTGTGATCTTG,-,observation
chr2,60725571,60725591,TCACAGGGTGTGCCCTGAGA,+,observation
chr2,60725574,60725594,CAGGGTGTGCCCTGAGAAGG,+,observation
chr2,60725575,60725595,AGGGTGTGCCCTGAGAAGGT,+,observation
chr2,60725576,60725596,GGGTGTGCCCTGAGAAGGTG,+,observation
chr2,60725586,60725606,GTGAGCTCCCCACCTTCTCA,-,observation
chr2,60725587,60725607,TGTGAGCTCCCCACCTTCTC,-,observation
chr2,60725609,60725629,CTCCAAGCATTGCATCATCC,+,observation
chr2,60725611,60725631,CAGGATGATGCAATGCTTGG,-,observation
chr2,60725614,60725634,TACCAGGATGATGCAATGCT,-,observation
chr2,60725616,60725636,CATTGCATCATCCTGGTACC,+,observation
chr2,60725620,60725640,GCATCATCCTGGTACCAGGA,+,observation
chr2,60725626,60725646,TCCTGGTACCAGGAAGGCAA,+,observation
chr2,60725627,60725647,CCTGGTACCAGGAAGGCAAT,+,observation
chr2,60725630,60725650,CCCATTGCCTTCCTGGTACC,-,observation
chr2,60725637,60725657,GGGGCAGCCCATTGCCTTCC,-,observation
chr2,60725656,60725676,TAGGAAGGGAAGTGGGTATG,-,observation
chr2,60725657,60725677,CTAGGAAGGGAAGTGGGTAT,-,observation
chr2,60725658,60725678,TCTAGGAAGGGAAGTGGGTA,-,observation
chr2,60725660,60725680,CCCACTTCCCTTCCTAGAAT,+,observation
chr2,60725663,60725683,CCAATTCTAGGAAGGGAAGT,-,observation
chr2,60725664,60725684,GCCAATTCTAGGAAGGGAAG,-,observation
chr2,60725665,60725685,TTCCCTTCCTAGAATTGGCC,+,observation
chr2,60725666,60725686,TCCCTTCCTAGAATTGGCCT,+,observation
chr2,60725670,60725690,TCCCAGGCCAATTCTAGGAA,-,observation
chr2,60725671,60725691,GTCCCAGGCCAATTCTAGGA,-,observation
chr2,60725675,60725695,GAATGTCCCAGGCCAATTCT,-,observation
chr2,60725686,60725706,GGCTAAATAATGAATGTCCC,-,observation
chr2,60725691,60725711,ATTCATTATTTAGCCACCTC,+,observation
chr2,60725707,60725727,ACAAATGCAGGTGCCAGAGG,-,observation
chr2,60725710,60725730,AAAACAAATGCAGGTGCCAG,-,observation
chr2,60725719,60725739,AAAATTTGAAAAACAAATGC,-,observation
chr2,60725742,60725762,AGCAAATAGGCTTAGTGTGC,+,observation
chr2,60725743,60725763,GCAAATAGGCTTAGTGTGCT,+,observation
chr2,60725759,60725779,TGCTGGGCAGAGCTGAGCAG,+,observation
chr2,60725793,60725813,TCTTATGTGAGTAGGTAGAG,-,observation
chr2,60725794,60725814,ATCTTATGTGAGTAGGTAGA,-,observation
chr2,60725795,60725815,GATCTTATGTGAGTAGGTAG,-,observation
chr2,60725801,60725821,TTTACTGATCTTATGTGAGT,-,observation
chr2,60725805,60725825,ACATAAGATCAGTAAAGAGA,+,observation
chr2,60725812,60725832,ATCAGTAAAGAGAAGGAAGC,+,observation
chr2,60725821,60725841,GAGAAGGAAGCAGGCAGATG,+,observation
chr2,60725829,60725849,AGCAGGCAGATGAGGTGACA,+,observation
chr2,60725830,60725850,GCAGGCAGATGAGGTGACAA,+,observation
chr2,60725831,60725851,CAGGCAGATGAGGTGACAAG,+,observation
chr2,60725845,60725865,GACAAGGGGAGAAACCAGTG,+,observation
chr2,60725856,60725876,AAACCAGTGAGGTCATCTAT,+,observation
chr2,60725862,60725882,GGACCTATAGATGACCTCAC,-,observation
chr2,60725883,60725903,TGGCTGGGTCTGTACGAACT,-,observation
chr2,60725898,60725918,AGAGAACTGGCAGTCTGGCT,-,observation
chr2,60725899,60725919,CAGAGAACTGGCAGTCTGGC,-,observation
chr2,60725899,60725919,GCCAGACTGCCAGTTCTCTG,+,observation
chr2,60725903,60725923,TCCTCAGAGAACTGGCAGTC,-,observation
chr2,60725911,60725931,TCTCTAGCTCCTCAGAGAAC,-,observation
chr2,60725915,60725935,TCTGAGGAGCTAGAGACTTG,+,observation
chr2,60725922,60725942,AGCTAGAGACTTGTGGCTTA,+,observation
chr2,60725937,60725957,GCTTAAGGAAGCCTCTCTGA,+,observation
chr2,60725951,60725971,TATTAGTACATCCATCAGAG,-,observation
chr2,60725982,60726002,GTAATTCAAATGTATGTATA,-,observation
chr2,60726004,60726024,TGAGTTTGATCAAGATTTAC,-,observation
chr2,60726036,60726056,AACGTAGTTTCTGGATGAGT,-,observation
chr2,60726045,60726065,TATTAGACAAACGTAGTTTC,-,observation
chr2,60726049,60726069,CTACGTTTGTCTAATAGAAC,+,observation
chr2,60726056,60726076,TGTCTAATAGAACAGGAAGC,+,observation
chr2,60726059,60726079,CTAATAGAACAGGAAGCAGG,+,observation
chr2,60726062,60726082,ATAGAACAGGAAGCAGGTGG,+,observation
chr2,60773105,60773125,CTGCTATGTGTTCCTGTTTG,-,positive_control
chr2,60773120,60773140,TAGAGGAATTTGCCCCAAAC,+,positive_control
chr2,60773137,60773157,TGTTTATCAACGTCATCTAG,+,positive_control
chr2,60773149,60773169,GATAAACAATCGTCATCCTC,-,positive_control
chr2,60773159,60773179,CGTCATCCTCTGGCGTGACC,-,positive_control
chr2,60773168,60773188,TGGCATCCAGGTCACGCCAG,+,positive_control
chr2,60773175,60773195,GACCTGGATGCCAACCTCCA,-,positive_control
chr2,60773176,60773196,ACCTGGATGCCAACCTCCAC,-,positive_control
chr2,60773180,60773200,TCCCGTGGAGGTTGGCATCC,+,positive_control
chr2,60773181,60773201,GATGCCAACCTCCACGGGAT,-,positive_control
chr2,60773188,60773208,GCATCCAATCCCGTGGAGGT,+,positive_control
chr2,60773192,60773212,AAAAGCATCCAATCCCGTGG,+,positive_control
chr2,60773195,60773215,GAAAAAAGCATCCAATCCCG,+,positive_control
chr2,60773211,60773231,TTTCATCTCGATTGGTGAAG,-,positive_control
chr2,60773215,60773235,ATCTCGATTGGTGAAGGGGA,-,positive_control
chr2,60773218,60773238,TCGATTGGTGAAGGGGAAGG,-,positive_control
chr2,60773249,60773269,CCTCTGCTTAGAAAAAGCTG,+,positive_control
chr2,60773275,60773295,CACAAACGGAAACAATGCAA,+,positive_control
chr2,60773302,60773322,AAAATAAGAATGTCCCCCAA,-,positive_control
chr2,60773303,60773323,AAATAAGAATGTCCCCCAAT,-,positive_control
chr2,60773315,60773335,CCCCCAATGGGAAGTTCATC,-,positive_control
chr2,60773318,60773338,CCAGATGAACTTCCCATTGG,+,positive_control
chr2,60773319,60773339,GCCAGATGAACTTCCCATTG,+,positive_control
chr2,60773320,60773340,TGCCAGATGAACTTCCCATT,+,positive_control
chr2,60773321,60773341,GTGCCAGATGAACTTCCCAT,+,positive_control
chr2,60773328,60773348,GTTCATCTGGCACTGCCCAC,-,positive_control
chr2,60773333,60773353,TCTGGCACTGCCCACAGGTG,-,positive_control
chr2,60773336,60773356,GGCACTGCCCACAGGTGAGG,-,positive_control
chr2,60773346,60773366,ATCATGACCTCCTCACCTGT,+,positive_control
chr2,60773347,60773367,GATCATGACCTCCTCACCTG,+,positive_control
chr2,60773353,60773373,AGGAGGTCATGATCCCCTTC,-,positive_control
chr2,60773365,60773385,TCCCCTTCTGGAGCTCCCAA,-,positive_control
chr2,60773366,60773386,CCCCTTCTGGAGCTCCCAAC,-,positive_control
chr2,60773369,60773389,CCCGTTGGGAGCTCCAGAAG,+,positive_control
chr2,60773370,60773390,GCCCGTTGGGAGCTCCAGAA,+,positive_control
chr2,60773371,60773391,GGCCCGTTGGGAGCTCCAGA,+,positive_control
chr2,60773372,60773392,CTGGAGCTCCCAACGGGCCG,-,positive_control
chr2,60773377,60773397,GCTCCCAACGGGCCGTGGTC,-,positive_control
chr2,60773383,60773403,GAACCAGACCACGGCCCGTT,+,positive_control
chr2,60773384,60773404,TGAACCAGACCACGGCCCGT,+,positive_control
chr2,60773392,60773412,ACAGATGATGAACCAGACCA,+,positive_control
chr2,60773397,60773417,TGGTTCATCATCTGTAAGAA,-,positive_control
chr2,60773407,60773427,TCTGTAAGAATGGCTTCAAG,-,positive_control
chr2,60773412,60773432,AAGAATGGCTTCAAGAGGCT,-,positive_control